Game ID,Player Name
0,Al Horford
0,Jeff Teague
0,Nikola Vucevic
1,Brandon Knight
1,Cole Aldrich
1,Giannis Antetokounmpo
1,JR Smith
1,Jason Smith
1,Kendall Marshall
1,Tim Hardaway Jr.
1,Zaza Pachulia
2,Courtney Lee
2,Eric Bledsoe
2,Goran Dragic
2,Isaiah Thomas
2,Marc Gasol
2,Markieff Morris
2,Mike Conley
3,Amir Johnson
3,Andre Drummond
3,D.J. Augustin
3,DeMar DeRozan
3,Greg Monroe
3,Greivis Vasquez
3,Kentavious Caldwell-Pope
3,Lou Williams
4,Andre Drummond
4,Greg Monroe
4,Jabari Parker
4,Khris Middleton
4,Marcus Morris
4,Miles Plumlee
4,Reggie Jackson
4,Tobias Harris
5,Jabari Parker
5,Kevin Love
5,Kyrie Irving
5,LeBron James
5,Michael Beasley
6,JR Smith
6,Kelly Olynyk
6,Kendrick Perkins
6,Kevin Love
6,Kyrie Irving
6,LeBron James
7,Giannis Antetokounmpo
7,Jabari Parker
7,Jerryd Bayless
7,Kevin Durant
7,O.J. Mayo
7,Reggie Jackson
7,Russell Westbrook
7,Serge Ibaka
8,Brandon Jennings
8,Carmelo Anthony
8,Courtney Lee
8,Dennis Schroder
8,Dwight Howard
8,Justin Holiday
8,Kent Bazemore
8,Kristaps Porzingis
8,Mike Dunleavy
8,Mindaugas Kuzminskas
8,Paul Millsap
8,Tim Hardaway Jr.
9,Blake Griffin
9,Jamal Crawford
9,Kevin Durant
9,Klay Thompson
9,Stephen Curry
